,Enzyme Name,No. of cuts,Positions Of sites,Recognition Sequence
0,ECoRI,5,"[908, 11632, 17258, 17712, 20298]",GAATTC
1,EcoRII,9,"[9172, 10255, 14051, 14116, 15421, 16358, 17051, 20254, 20926]",CCAGG
2,EcoRII,7,"[16, 1581, 8721, 9436, 17061, 18156, 19279]",CCTGG
3,BamHI,0,[],GGATCC
4,HindIII,15,"[886, 2067, 3614, 3750, 4000, 5851, 8668, 10194, 11953, 12054, 13016, 13922, 16595, 17596, 19119]",AAGCTT
5,TaqI,14,"[231, 278, 564, 912, 2405, 5856, 7365, 10601, 18297, 18303, 19210, 19533, 20336, 20976]",TCGA
6,NotI,0,[],GCGGCCGC
7,HinFI,0,[],GANTC
8,Sau3AI,32,"[420, 460, 914, 983, 1436, 1657, 3657, 4379, 4462, 4985, 5818, 6214, 6369, 7827, 9100, 9164, 10056, 11341, 12187, 12222, 13188, 13337, 14003, 14246, 14952, 15895, 18464, 18810, 19552, 19887, 20984, 21063]",GATC
9,PvuII*,8,"[3498, 9915, 10515, 13366, 13648, 14886, 19557, 20933]",CAGCTG
10,SmaI,0,[],CCCGGG
11,HaeIII,20,"[402, 582, 1716, 1819, 2213, 3402, 6360, 7223, 10326, 11422, 11545, 12547, 12573, 15289, 15496, 15916, 17091, 17349, 17689, 20651]",GGCC
12,Hgal,1,[6181],GACGC
13,Alul,114,"[263, 395, 449, 534, 752, 887, 1567, 2068, 2120, 2349, 2358, 3188, 3319, 3499, 3575, 3615, 3751, 4001, 4445, 4479, 4871, 5191, 5373, 5452, 5852, 5944, 6030, 6472, 6505, 7154, 7235, 7628, 7692, 7797, 7963, 8669, 8857, 9107, 9274, 9289, 9338, 9667, 9761, 9811, 9822, 9916, 10195, 10278, 10516, 10552, 11097, 11190, 11219, 11867, 11954, 11994, 12034, 12055, 12192, 12563, 12605, 12685, 12941, 13017, 13035, 13367, 13491, 13649, 13923, 14427, 14465, 14574, 14887, 15045, 15058, 15140, 15329, 15356, 15487, 15986, 16070, 16407, 16570, 16596, 16622, 17096, 17133, 17597, 17623, 17744, 17878, 18027, 18265, 18329, 18355, 18846, 18879, 18995, 19050, 19071, 19120, 19333, 19558, 19568, 19800, 20115, 20288, 20404, 20863, 20934, 21050, 21171, 21175, 21238]",AGCT
14,EcoRV,3,"[14776, 15935, 19216]",GATATC
15,EcoP151,0,[],CAGCAGN25NN
16,Kpnl,2,"[13697, 18336]",GGTACC
17,Pstl,2,"[7956, 8686]",CTGCAG
18,Sacl,1,[15044],GAGCTC
19,Sall,0,[],GTCGAC
20,Scal,7,"[2427, 2589, 9072, 10943, 13443, 14816, 15077]",AGTACT
21,Spel,8,"[4677, 7944, 9126, 11171, 12248, 13440, 14361, 16926]",ACTAGT
22,Sphl,3,"[6869, 11051, 21366]",GCATGC
23,Stul,0,[],AGGCCT
24,Xbal,4,"[6430, 6655, 6724, 14468]",TCTAGA
